title,artist,source_file
Bumpin' On Sunset,Leon Lowman,Jessy Lanza - Midnight In A Perfect World 2016-08-15.html
I Talk BB (Morgan Geist Remix),Jessy Lanza,Jessy Lanza - Midnight In A Perfect World 2016-08-15.html
DJ Manny ft. DJ Taye - Would U Mind,DJ Manny,Jessy Lanza - Midnight In A Perfect World 2016-08-15.html
Permission,Ro James,Jessy Lanza - Midnight In A Perfect World 2016-08-15.html
Deal Breaker,Hype Williams,Jessy Lanza - Midnight In A Perfect World 2016-08-15.html
When We Kiss,Bardeaux,Jessy Lanza - Midnight In A Perfect World 2016-08-15.html
Rolling,Hype Williams,Jessy Lanza - Midnight In A Perfect World 2016-08-15.html
Push N Pull (Johnny Dark Remix),Jessy Lanza,Jessy Lanza - Midnight In A Perfect World 2016-08-15.html
You're On My Mind,Shomari,Jessy Lanza - Midnight In A Perfect World 2016-08-15.html
Yes,Junior Boys,Jessy Lanza - Midnight In A Perfect World 2016-08-15.html
Quad By Quad,Brassfoot,Jessy Lanza - Midnight In A Perfect World 2016-08-15.html
It Means I Love You (Ezrakh Remix),Jessy Lanza,Jessy Lanza - Midnight In A Perfect World 2016-08-15.html
Mami No Like,Donae'O,Jessy Lanza - Midnight In A Perfect World 2016-08-15.html
I Want Your Body (Dancin'),Colour,Jessy Lanza - Midnight In A Perfect World 2016-08-15.html
Baby Fat,Junior Boys,Jessy Lanza - Midnight In A Perfect World 2016-08-15.html
Midnight In A Perfect World 2016-08-15,Jessy Lanza,Jessy Lanza - Midnight In A Perfect World 2016-08-15.html
Midnight In A Perfect World 2016-08-29,Emancipator,Jessy Lanza - Midnight In A Perfect World 2016-08-15.html
Midnight In A Perfect World 2016-08-10,The Range,Jessy Lanza - Midnight In A Perfect World 2016-08-15.html
Paolo Rocco ft. Alix Alvarez - Our Time,Paolo Rocco,Enzo Siragusa - Circoloco Radio 187 2021-04-30.html
Show Me,Eb_Flow,Enzo Siragusa - Circoloco Radio 187 2021-04-30.html
Jaffa,Josh Baker,Enzo Siragusa - Circoloco Radio 187 2021-04-30.html
Lotus (Youandewan Remix),WLAD,Enzo Siragusa - Circoloco Radio 187 2021-04-30.html
Paolo Rocco ft. Robert Owens - Ever So (S.A.M. Remix),Paolo Rocco,Enzo Siragusa - Circoloco Radio 187 2021-04-30.html
Space Music,Paolo Rocco,Enzo Siragusa - Circoloco Radio 187 2021-04-30.html
The New Norm,Felipe Bravo,Enzo Siragusa - Circoloco Radio 187 2021-04-30.html
Get Togeser (Giammarco Orsini Remix),D & J,Enzo Siragusa - Circoloco Radio 187 2021-04-30.html
Circoloco Radio 187 2021-04-30,Enzo Siragusa,Enzo Siragusa - Circoloco Radio 187 2021-04-30.html
Circoloco Radio 188 2021-05-03,Amelie Lens,Enzo Siragusa - Circoloco Radio 187 2021-04-30.html
Circoloco Radio 186 2021-04-19,ONYVAA,Enzo Siragusa - Circoloco Radio 187 2021-04-30.html
Cat Lady,Fouk,Kolter - Radio 1's Essential Mix 2024-09-14.html
You Know Why,BRS,Kolter - Radio 1's Essential Mix 2024-09-14.html
"Want U, Need U",Kolter,Kolter - Radio 1's Essential Mix 2024-09-14.html
Le Champagne,Trentemøller,Kolter - Radio 1's Essential Mix 2024-09-14.html
You Drive Me Crazy,Kolter,Kolter - Radio 1's Essential Mix 2024-09-14.html
Surge,Janeret,Kolter - Radio 1's Essential Mix 2024-09-14.html
Transition,Kolter,Kolter - Radio 1's Essential Mix 2024-09-14.html
Mother Earth (Hoff Optimistic House Edit),Cultured Pearls,Kolter - Radio 1's Essential Mix 2024-09-14.html
Object Fill 2,Tim Schlockemann,Kolter - Radio 1's Essential Mix 2024-09-14.html
"1 Mal Groove, Bidde",Kolter,Kolter - Radio 1's Essential Mix 2024-09-14.html
Back n Up,Sweely,Kolter - Radio 1's Essential Mix 2024-09-14.html
True Dat,Kolter,Kolter - Radio 1's Essential Mix 2024-09-14.html
Le String Rouge,Leo Pol,Kolter - Radio 1's Essential Mix 2024-09-14.html
Give Me The Night (Kolter Edit),George Benson,Kolter - Radio 1's Essential Mix 2024-09-14.html
Good 4 U,Luuk Van Dijk & Kolter,Kolter - Radio 1's Essential Mix 2024-09-14.html
Sense Of Style,Marsolo,Kolter - Radio 1's Essential Mix 2024-09-14.html
15 Seconds Of Fame,Kolter,Kolter - Radio 1's Essential Mix 2024-09-14.html
She Wants Bass,Kolter,Kolter - Radio 1's Essential Mix 2024-09-14.html
Waitin',Mihai Popoviciu,Kolter - Radio 1's Essential Mix 2024-09-14.html
Be Real,Kolter,Kolter - Radio 1's Essential Mix 2024-09-14.html
Roy Davis Jr. ft. Peven Everett - Gabriel,Roy Davis Jr.,Kolter - Radio 1's Essential Mix 2024-09-14.html
Radio 1's Essential Mix 2024-09-14,Kolter,Kolter - Radio 1's Essential Mix 2024-09-14.html
What U Want (Chris Stussy & DJOKO Remix),Enrico Mantini ft. X Woman,Kolter - Radio 1's Essential Mix 2024-09-14.html
Object Fill 2,Tim Schlockermann,Kolter - Radio 1's Essential Mix 2024-09-14.html
Radio 1's Essential Mix 2024-09-21,Made By Pete,Kolter - Radio 1's Essential Mix 2024-09-14.html
Radio 1's Essential Mix 2024-09-07,Man Power,Kolter - Radio 1's Essential Mix 2024-09-14.html
Island-Sunrise,Software,Jessy Lanza - BBC Radio 1 Residency 2017-04-20.html
Once In Babylon,KWJAZ,Jessy Lanza - BBC Radio 1 Residency 2017-04-20.html
Vision Of Estonia,Uku Kuut,Jessy Lanza - BBC Radio 1 Residency 2017-04-20.html
Say Goodbye,Hiroshi Satoh,Jessy Lanza - BBC Radio 1 Residency 2017-04-20.html
You're In My Pocket,Reanna Coleman,Jessy Lanza - BBC Radio 1 Residency 2017-04-20.html
Mezzanine,The Galleria,Jessy Lanza - BBC Radio 1 Residency 2017-04-20.html
Omar-S ft. Nite Jewel - Confess To You,Omar-S,Jessy Lanza - BBC Radio 1 Residency 2017-04-20.html
Jelly,Laurel Halo,Jessy Lanza - BBC Radio 1 Residency 2017-04-20.html
Follow The Moonlight,Greenspan & Taraval,Jessy Lanza - BBC Radio 1 Residency 2017-04-20.html
Ikonika ft. Jessy Lanza & Sweyn Jupiter - Hazefield,Ikonika,Jessy Lanza - BBC Radio 1 Residency 2017-04-20.html
Had To Let Me Go,Nite Jewel,Jessy Lanza - BBC Radio 1 Residency 2017-04-20.html
Lossy,Ikonika,Jessy Lanza - BBC Radio 1 Residency 2017-04-20.html
Treasure Chest (Tamatebako),azuma,Jessy Lanza - BBC Radio 1 Residency 2017-04-20.html
BBC Radio 1 Residency 2017-04-20,Jessy Lanza,Jessy Lanza - BBC Radio 1 Residency 2017-04-20.html
BBC Radio 1 Residency 2017-04-27,Eats Everything,Jessy Lanza - BBC Radio 1 Residency 2017-04-20.html
Residency 2017-04-14,BBC Radio 1,Jessy Lanza - BBC Radio 1 Residency 2017-04-20.html
Check Up,Harry Collett,Enzo Is Burning - OCHO by Gray Area 2026-01-20.html
Freaky With Me,Enzo Is Burning,Enzo Is Burning - OCHO by Gray Area 2026-01-20.html
Trina,Mac Address,Enzo Is Burning - OCHO by Gray Area 2026-01-20.html
And Back,Jakkob,Enzo Is Burning - OCHO by Gray Area 2026-01-20.html
You Do Change,Roxe,Enzo Is Burning - OCHO by Gray Area 2026-01-20.html
Night Moves,Joshwa & Enzo Is Burning,Enzo Is Burning - OCHO by Gray Area 2026-01-20.html
OCHO by Gray Area 2026-01-20,Enzo Is Burning,Enzo Is Burning - OCHO by Gray Area 2026-01-20.html
Ice Creamy (Visible Cloaks Remix),Jessy Lanza,Jessy Lanza - BBC Radio 1 Essential Mix 2020-09-26.html
ZOOT KOOK,SANDII,Jessy Lanza - BBC Radio 1 Essential Mix 2020-09-26.html
Jutul F,Greenspan & Taraval,Jessy Lanza - BBC Radio 1 Essential Mix 2020-09-26.html
Cactus,Michael E,Jessy Lanza - BBC Radio 1 Essential Mix 2020-09-26.html
I Drink Your Milkshake,G3,Jessy Lanza - BBC Radio 1 Essential Mix 2020-09-26.html
Going For It,DJ Plead,Jessy Lanza - BBC Radio 1 Essential Mix 2020-09-26.html
Rave Casual,Anz,Jessy Lanza - BBC Radio 1 Essential Mix 2020-09-26.html
Razmishlenie,Kate NV,Jessy Lanza - BBC Radio 1 Essential Mix 2020-09-26.html
Lilith Mix (Jessy Lanza Drums Only Mix),Laurel Halo,Jessy Lanza - BBC Radio 1 Essential Mix 2020-09-26.html
Weak (Jessy Lanza Edit),SWV,Jessy Lanza - BBC Radio 1 Essential Mix 2020-09-26.html
Like Fire (Martyn Bootyspoon Chem Burn Mix),Jessy Lanza,Jessy Lanza - BBC Radio 1 Essential Mix 2020-09-26.html
Yes You Thrill Me,Les Femmes,Jessy Lanza - BBC Radio 1 Essential Mix 2020-09-26.html
Big Strick ft. Omar-S - Family Affair,Big Strick,Jessy Lanza - BBC Radio 1 Essential Mix 2020-09-26.html
Iro,D. Strange,Jessy Lanza - BBC Radio 1 Essential Mix 2020-09-26.html
Smooth Move,AceMo,Jessy Lanza - BBC Radio 1 Essential Mix 2020-09-26.html
Juggalo,Degrandi,Jessy Lanza - BBC Radio 1 Essential Mix 2020-09-26.html
Don't Talk To Me Or My Drum Machine Ever Again,DJ Swisha,Jessy Lanza - BBC Radio 1 Essential Mix 2020-09-26.html
Dreamscape,Donis,Jessy Lanza - BBC Radio 1 Essential Mix 2020-09-26.html
Ultra,Hagan,Jessy Lanza - BBC Radio 1 Essential Mix 2020-09-26.html
C'mon Les'Go,AceMo & Les Sins,Jessy Lanza - BBC Radio 1 Essential Mix 2020-09-26.html
Post Mortem Exam,Nova Cheq,Jessy Lanza - BBC Radio 1 Essential Mix 2020-09-26.html
Time At A Glance,Color Plus,Jessy Lanza - BBC Radio 1 Essential Mix 2020-09-26.html
Ai Suru Hitoyo,Akiko Yano,Jessy Lanza - BBC Radio 1 Essential Mix 2020-09-26.html
Luna (Jessy Lanza Remix),Kate NV,Jessy Lanza - BBC Radio 1 Essential Mix 2020-09-26.html
And Go,Asquith,Jessy Lanza - BBC Radio 1 Essential Mix 2020-09-26.html
Icky,Color Plus,Jessy Lanza - BBC Radio 1 Essential Mix 2020-09-26.html
Percussive Track,FAUZIA,Jessy Lanza - BBC Radio 1 Essential Mix 2020-09-26.html
Sine Language,K-LONE,Jessy Lanza - BBC Radio 1 Essential Mix 2020-09-26.html
Resonant Freq,Martyn Bootyspoon,Jessy Lanza - BBC Radio 1 Essential Mix 2020-09-26.html
A1,Primitive Urges,Jessy Lanza - BBC Radio 1 Essential Mix 2020-09-26.html
Bass Dealer,Emperor Searcy,Jessy Lanza - BBC Radio 1 Essential Mix 2020-09-26.html
Carlton Mahone ft. Baby Doll - Dont Wanna Lose Your Love,Carlton Mahone,Jessy Lanza - BBC Radio 1 Essential Mix 2020-09-26.html
Sign Of The Times (Jessy Lanza Edit),Yolanda Adams,Jessy Lanza - BBC Radio 1 Essential Mix 2020-09-26.html
Methods,DJ Swisha,Jessy Lanza - BBC Radio 1 Essential Mix 2020-09-26.html
Kush Cloud,DJ Flp,Jessy Lanza - BBC Radio 1 Essential Mix 2020-09-26.html
I Think I Love You (DJ Swisha Remix),DJ Love,Jessy Lanza - BBC Radio 1 Essential Mix 2020-09-26.html
Redeye,Addison Groove,Jessy Lanza - BBC Radio 1 Essential Mix 2020-09-26.html
All The Time (DJ Swisha Remix),Jessy Lanza,Jessy Lanza - BBC Radio 1 Essential Mix 2020-09-26.html
Face (Loraine James Remix),Jessy Lanza,Jessy Lanza - BBC Radio 1 Essential Mix 2020-09-26.html
BBC Radio 1 Essential Mix 2020-09-26,Jessy Lanza,Jessy Lanza - BBC Radio 1 Essential Mix 2020-09-26.html
BBC Radio 1 Essential Mix 2020-10-02,Mathame,Jessy Lanza - BBC Radio 1 Essential Mix 2020-09-26.html
Radio 1's Essential Mix 2020-09-19,Keinemusik,Jessy Lanza - BBC Radio 1 Essential Mix 2020-09-26.html
Get Up,Enzo Is Burning,Enzo Is Burning - EDMID Fall Frequencies 2024-10-13.html
Whippin',Jay de Lys,Enzo Is Burning - EDMID Fall Frequencies 2024-10-13.html
Rockyabody,Enzo Is Burning,Enzo Is Burning - EDMID Fall Frequencies 2024-10-13.html
Whogotthefunk?,Enzo Is Burning,Enzo Is Burning - EDMID Fall Frequencies 2024-10-13.html
Little L (Enzo Is Burning Edit),Jamiroquai,Enzo Is Burning - EDMID Fall Frequencies 2024-10-13.html
Red Alert (Tim Taylor Remix),Basement Jaxx,Enzo Is Burning - EDMID Fall Frequencies 2024-10-13.html
Paris Is Burnin',Clyde P,Enzo Is Burning - EDMID Fall Frequencies 2024-10-13.html
Loco,Enzo Is Burning,Enzo Is Burning - EDMID Fall Frequencies 2024-10-13.html
Give It Up,Enzo Is Burning,Enzo Is Burning - EDMID Fall Frequencies 2024-10-13.html
On My Mind (Enzo Is Burning Remix),Alan Fitzpatrick & Ronnie Spiteri,Enzo Is Burning - EDMID Fall Frequencies 2024-10-13.html
EDMID Fall Frequencies 2024-10-13,Enzo Is Burning,Enzo Is Burning - EDMID Fall Frequencies 2024-10-13.html
Global Dance HQ 2024-07-12,Pete Tong & Enzo Is Burning & Mind Against,Enzo Is Burning - EDMID Fall Frequencies 2024-10-13.html
Global Dance HQ 2024-07-12,Pete Tong & Enzo Is Burning & Mind Against,Enzo Is Burning - EDMID Fall Frequencies 2024-10-13.html
Mouse On Mars ft. Jessy Lanza - Bluescreen (Modeselektor Edit),Mouse On Mars,Jessy Lanza - BBC Radio 1 Residency 2017-09-22.html
A Hammond Jam,DJ Tre,Jessy Lanza - BBC Radio 1 Residency 2017-09-22.html
Pop Drop,DJ Taye,Jessy Lanza - BBC Radio 1 Residency 2017-09-22.html
Signing Off,DJ Clent,Jessy Lanza - BBC Radio 1 Residency 2017-09-22.html
Rodent (Kode9 Remix),Burial,Jessy Lanza - BBC Radio 1 Residency 2017-09-22.html
Urban Sound Gallery ft. Monica Elam - Life 4 Living (Up Mix),Urban Sound Gallery,Jessy Lanza - BBC Radio 1 Residency 2017-09-22.html
Altitude,Gant-Man,Jessy Lanza - BBC Radio 1 Residency 2017-09-22.html
"LLD ft. , - Single",LLD,Jessy Lanza - BBC Radio 1 Residency 2017-09-22.html
Say You'll Say So,Geoffrey Landers,Jessy Lanza - BBC Radio 1 Residency 2017-09-22.html
Killer Juan Atkins Loop,Jessy Lanza,Jessy Lanza - BBC Radio 1 Residency 2017-09-22.html
Body Movements,Priscilla Rollins,Jessy Lanza - BBC Radio 1 Residency 2017-09-22.html
Let The Music Take Control (Tyree Groovstrumental Mix),Tyree,Jessy Lanza - BBC Radio 1 Residency 2017-09-22.html
Move (Acid Mix),Tevo Howard,Jessy Lanza - BBC Radio 1 Residency 2017-09-22.html
Dreamin,Greg Beato,Jessy Lanza - BBC Radio 1 Residency 2017-09-22.html
Fake Loop,Jessy Lanza,Jessy Lanza - BBC Radio 1 Residency 2017-09-22.html
You're The One (You're My Number One),Katie Kissoon,Jessy Lanza - BBC Radio 1 Residency 2017-09-22.html
Bigger The Punch I'm Feeling,China Crisis,Jessy Lanza - BBC Radio 1 Residency 2017-09-22.html
Touch,Colin Blunstone,Jessy Lanza - BBC Radio 1 Residency 2017-09-22.html
BBC Radio 1 Residency 2017-09-22,Jessy Lanza,Jessy Lanza - BBC Radio 1 Residency 2017-09-22.html
BBC Radio 1 Residency 2017-09-28,Eats Everything & Technasia,Jessy Lanza - BBC Radio 1 Residency 2017-09-22.html
BBC Radio 1 Residency 2017-09-15,Helena Hauff,Jessy Lanza - BBC Radio 1 Residency 2017-09-22.html
Better Strangers,Pathagonia,"Enzo Siragusa @ BBC Radio 1 Dance Presents Glastonbury (Glade Stage, Glastonbury Festival, United Kingdom) 2024-07-13.html"
Hyperdrive,Papa Nugs,"Enzo Siragusa @ BBC Radio 1 Dance Presents Glastonbury (Glade Stage, Glastonbury Festival, United Kingdom) 2024-07-13.html"
Ufo,Andy Somoza,"Enzo Siragusa @ BBC Radio 1 Dance Presents Glastonbury (Glade Stage, Glastonbury Festival, United Kingdom) 2024-07-13.html"
Big Dunky,Boss Priester,"Enzo Siragusa @ BBC Radio 1 Dance Presents Glastonbury (Glade Stage, Glastonbury Festival, United Kingdom) 2024-07-13.html"
Machine Language,Jhobei,"Enzo Siragusa @ BBC Radio 1 Dance Presents Glastonbury (Glade Stage, Glastonbury Festival, United Kingdom) 2024-07-13.html"
Synergy,Enzo Siragusa & Kepler,"Enzo Siragusa @ BBC Radio 1 Dance Presents Glastonbury (Glade Stage, Glastonbury Festival, United Kingdom) 2024-07-13.html"
Pull Up (ODF VIP),Special Request,"Enzo Siragusa @ BBC Radio 1 Dance Presents Glastonbury (Glade Stage, Glastonbury Festival, United Kingdom) 2024-07-13.html"
Breaking Free,Slipmatt,"Enzo Siragusa @ BBC Radio 1 Dance Presents Glastonbury (Glade Stage, Glastonbury Festival, United Kingdom) 2024-07-13.html"
Stop,INSTINCT,"Enzo Siragusa @ BBC Radio 1 Dance Presents Glastonbury (Glade Stage, Glastonbury Festival, United Kingdom) 2024-07-13.html"
Danger Zone,Wodda,"Enzo Siragusa @ BBC Radio 1 Dance Presents Glastonbury (Glade Stage, Glastonbury Festival, United Kingdom) 2024-07-13.html"
Breaking Dollars,Us Two,"Enzo Siragusa @ BBC Radio 1 Dance Presents Glastonbury (Glade Stage, Glastonbury Festival, United Kingdom) 2024-07-13.html"
Reebok Classics,Robbie Doherty,"Enzo Siragusa @ BBC Radio 1 Dance Presents Glastonbury (Glade Stage, Glastonbury Festival, United Kingdom) 2024-07-13.html"
Made Of Stone,Jentzen,"Enzo Siragusa @ BBC Radio 1 Dance Presents Glastonbury (Glade Stage, Glastonbury Festival, United Kingdom) 2024-07-13.html"
Endless Echoes,Julian Anthony,"Enzo Siragusa @ BBC Radio 1 Dance Presents Glastonbury (Glade Stage, Glastonbury Festival, United Kingdom) 2024-07-13.html"
Your Love,The Prodigy,"Enzo Siragusa @ BBC Radio 1 Dance Presents Glastonbury (Glade Stage, Glastonbury Festival, United Kingdom) 2024-07-13.html"
BBC Radio 1 Dance Presents Defected Records 2024-07-15,Oden & Fatzo,"Enzo Siragusa @ BBC Radio 1 Dance Presents Glastonbury (Glade Stage, Glastonbury Festival, United Kingdom) 2024-07-13.html"
Visual Provocation,Martin HERRS,"Solomun & Enzo Siragusa @ The Warehouse Project Manchester, United Kingdom 2021-11-05.html"
So Mad,Michael Mayer & Tobias Thomas,"Solomun & Enzo Siragusa @ The Warehouse Project Manchester, United Kingdom 2021-11-05.html"
Attention Seeker,Josh Gigante,"Solomun & Enzo Siragusa @ The Warehouse Project Manchester, United Kingdom 2021-11-05.html"
Up To No Good,The Porn Kings,"Solomun & Enzo Siragusa @ The Warehouse Project Manchester, United Kingdom 2021-11-05.html"
The Attention Deficit Track,Skream & Jackmaster,"Solomun & Enzo Siragusa @ The Warehouse Project Manchester, United Kingdom 2021-11-05.html"
Club Vibe,Mella Dee,"Solomun & Enzo Siragusa @ The Warehouse Project Manchester, United Kingdom 2021-11-05.html"
Lotus,Mumbai Science,"Solomun & Enzo Siragusa @ The Warehouse Project Manchester, United Kingdom 2021-11-05.html"
Trance 29,Trance Wax,"Solomun & Enzo Siragusa @ The Warehouse Project Manchester, United Kingdom 2021-11-05.html"
Skyscrapers (Solomun Remix),Nina Kraviz,"Solomun & Enzo Siragusa @ The Warehouse Project Manchester, United Kingdom 2021-11-05.html"
Dead End,DVA,Jessy Lanza - BBC Radio 1 Residency 2017-06-16.html
Open The Door,DJ Earl,Jessy Lanza - BBC Radio 1 Residency 2017-06-16.html
Never Enough (SWISHA Remix),Jessy Lanza,Jessy Lanza - BBC Radio 1 Residency 2017-06-16.html
She's Just That Type Of Girl,Circuitry,Jessy Lanza - BBC Radio 1 Residency 2017-06-16.html
Manic Cinq,Morgan Geist,Jessy Lanza - BBC Radio 1 Residency 2017-06-16.html
Touch Me (All Night Long),Wish & Fonda Rae,Jessy Lanza - BBC Radio 1 Residency 2017-06-16.html
Partytime,Pal Joey,Jessy Lanza - BBC Radio 1 Residency 2017-06-16.html
404 143,Free Magic,Jessy Lanza - BBC Radio 1 Residency 2017-06-16.html
Foaming,Golden Donna,Jessy Lanza - BBC Radio 1 Residency 2017-06-16.html
Balance,Tobias Freund,Jessy Lanza - BBC Radio 1 Residency 2017-06-16.html
Good Time,JohNick,Jessy Lanza - BBC Radio 1 Residency 2017-06-16.html
Sunrays,The Other People Place,Jessy Lanza - BBC Radio 1 Residency 2017-06-16.html
Herb Alpert ft. Lisa Keith & Janet Jackson - Making Love In The Rai,Herb Alpert,Jessy Lanza - BBC Radio 1 Residency 2017-06-16.html
BBC Radio 1 Residency 2017-06-16,Jessy Lanza,Jessy Lanza - BBC Radio 1 Residency 2017-06-16.html
BBC Radio 1 Residency 2017-06-09,Helena Hauff,Jessy Lanza - BBC Radio 1 Residency 2017-06-16.html
Nuclear Sun,Roland Brant & Andrea Scopsi,Arcobeat & Enzo Arcoraci - Gas Frequency 007 2025-09-16.html
Amsterdam,Andrea Scopsi,Arcobeat & Enzo Arcoraci - Gas Frequency 007 2025-09-16.html
Empire Pulse,Visco,Arcobeat & Enzo Arcoraci - Gas Frequency 007 2025-09-16.html
Overdrive,Roy Batty,Arcobeat & Enzo Arcoraci - Gas Frequency 007 2025-09-16.html
Domino (Techno Edit),Danny Avila,Arcobeat & Enzo Arcoraci - Gas Frequency 007 2025-09-16.html
Stupid,BEAUZ & KEVU,Arcobeat & Enzo Arcoraci - Gas Frequency 007 2025-09-16.html
Ocho,BEAUZ,Arcobeat & Enzo Arcoraci - Gas Frequency 007 2025-09-16.html
Progressione,Alex Nocera & Roy Batty,Arcobeat & Enzo Arcoraci - Gas Frequency 007 2025-09-16.html
Futura,Alex Nocera & Manu The Beat & Roy Batty,Arcobeat & Enzo Arcoraci - Gas Frequency 007 2025-09-16.html
He's A Pirate (Save Me),Gabry Ponte & Steve Aoki & KEL,Arcobeat & Enzo Arcoraci - Gas Frequency 007 2025-09-16.html
Gabry Ponte ft. Datura - Destination Infinity,Gabry Ponte,Arcobeat & Enzo Arcoraci - Gas Frequency 007 2025-09-16.html
Gam Gam (Gabry Ponte Remix),Mauro Pilato & Max Monti,Arcobeat & Enzo Arcoraci - Gas Frequency 007 2025-09-16.html
Will Be One (Todo En Todos Extended),Datura,Arcobeat & Enzo Arcoraci - Gas Frequency 007 2025-09-16.html
Teknokiller (Maranza Mix),DJ Myller,Arcobeat & Enzo Arcoraci - Gas Frequency 007 2025-09-16.html
Underground,Gabry Ponte,Arcobeat & Enzo Arcoraci - Gas Frequency 007 2025-09-16.html
In The Night,Arcobeat & M.Piway,Arcobeat & Enzo Arcoraci - Gas Frequency 007 2025-09-16.html
Gas Frequency 007 2025-09-16,Arcobeat & Enzo Arcoraci,Arcobeat & Enzo Arcoraci - Gas Frequency 007 2025-09-16.html
Adventurous,Iuly.B,Enzo Siragusa - BBC Radio 1 Essential Mix 2016-11-19.html
Unexpected Senses,Vinyl Speed Adjust,Enzo Siragusa - BBC Radio 1 Essential Mix 2016-11-19.html
Pressure Free,O.D.B.,Enzo Siragusa - BBC Radio 1 Essential Mix 2016-11-19.html
Pressure,Burnski,Enzo Siragusa - BBC Radio 1 Essential Mix 2016-11-19.html
The Last Train,Andrea Introvigne & Steaf,Enzo Siragusa - BBC Radio 1 Essential Mix 2016-11-19.html
Howl008.1,Howl Ensemble,Enzo Siragusa - BBC Radio 1 Essential Mix 2016-11-19.html
Nighty Eight,Seb Zito,Enzo Siragusa - BBC Radio 1 Essential Mix 2016-11-19.html
Digwah02,ID,Enzo Siragusa - BBC Radio 1 Essential Mix 2016-11-19.html
Kotone,Jack Wickham,Enzo Siragusa - BBC Radio 1 Essential Mix 2016-11-19.html
Places De Fetes,Okain,Enzo Siragusa - BBC Radio 1 Essential Mix 2016-11-19.html
90s Jam (Koko Remix),Shay,Enzo Siragusa - BBC Radio 1 Essential Mix 2016-11-19.html
Future Wise,Subb-An,Enzo Siragusa - BBC Radio 1 Essential Mix 2016-11-19.html
Flexin,Enzo Siragusa,Enzo Siragusa - BBC Radio 1 Essential Mix 2016-11-19.html
Channel Dub,Archie Hamilton,Enzo Siragusa - BBC Radio 1 Essential Mix 2016-11-19.html
Manitou B2,ID,Enzo Siragusa - BBC Radio 1 Essential Mix 2016-11-19.html
Now The Stars Are In A Different Place,Ferro,Enzo Siragusa - BBC Radio 1 Essential Mix 2016-11-19.html
But She Ain't,Alex Celler,Enzo Siragusa - BBC Radio 1 Essential Mix 2016-11-19.html
Listen,Fabe,Enzo Siragusa - BBC Radio 1 Essential Mix 2016-11-19.html
Trumdog,Rich NxT,Enzo Siragusa - BBC Radio 1 Essential Mix 2016-11-19.html
Kool 94.6,Arkitype,Enzo Siragusa - BBC Radio 1 Essential Mix 2016-11-19.html
Mind Traps,East End Dubs,Enzo Siragusa - BBC Radio 1 Essential Mix 2016-11-19.html
F&Z3.1,Seb Zito & Dan Farserelli,Enzo Siragusa - BBC Radio 1 Essential Mix 2016-11-19.html
Our Little Angel,Enzo Sigurasa,Enzo Siragusa - BBC Radio 1 Essential Mix 2016-11-19.html
BBC Radio 1 Essential Mix 2016-11-19,Enzo Siragusa,Enzo Siragusa - BBC Radio 1 Essential Mix 2016-11-19.html
BBC Radio 1 Essential Mix 2016-11-26,Dusky,Enzo Siragusa - BBC Radio 1 Essential Mix 2016-11-19.html
BBC Radio 1 Essential Mix 2016-11-12,tINI,Enzo Siragusa - BBC Radio 1 Essential Mix 2016-11-19.html
Golden Hour (Iban Mendoza Interpretation),Jessy Greene & The Axiom,Angelos - Keinemusik Radio Show 2022-02-25.html
Burning,Jimi Jules,Angelos - Keinemusik Radio Show 2022-02-25.html
Sofia Kourtesis ft. Manu Chao - Estación Esperanza,Sofia Kourtesis,Angelos - Keinemusik Radio Show 2022-02-25.html
Healing,Moojo,Angelos - Keinemusik Radio Show 2022-02-25.html
Hurting,SANDHAUS & Anerah Yasole,Angelos - Keinemusik Radio Show 2022-02-25.html
Shimza ft. Kieran Fowkes - Howling Moon (Denis Horvat Remix),Shimza,Angelos - Keinemusik Radio Show 2022-02-25.html
The System,Angelos,Angelos - Keinemusik Radio Show 2022-02-25.html
Matters (Whitesquare Remix),Methyl Ethel,Angelos - Keinemusik Radio Show 2022-02-25.html
I.C.U,Thakzin & Sun-El Musician & Thandazo,Angelos - Keinemusik Radio Show 2022-02-25.html
Mi Pena,Birds Of Mind,Angelos - Keinemusik Radio Show 2022-02-25.html
Keinemusik Radio Show 2022-02-25,Angelos,Angelos - Keinemusik Radio Show 2022-02-25.html
Keinemusik Radio Show 2022-04-01,Agents Of Time,Angelos - Keinemusik Radio Show 2022-02-25.html
Keinemusik Radio Show 2022-02-11,Alan Dixon,Angelos - Keinemusik Radio Show 2022-02-25.html
Mind Dimension (Adam Sellouk Remix),Tiga,Enzo - 8181 Radio February Mix February 2026-02-09.html
Enzo & Michael Ekow - Force,Enzo (SE) & Michael Ekow,Enzo - 8181 Radio February Mix February 2026-02-09.html
Fcking With My Rhythm,Curbi & Tobias Paul,Enzo - 8181 Radio February Mix February 2026-02-09.html
Inferno,Max Styler,Enzo - 8181 Radio February Mix February 2026-02-09.html
On Off (Kapuchon Edit),Cirez D,Enzo - 8181 Radio February Mix February 2026-02-09.html
Love Parade,Cassian & YOTTO & Da Hool,Enzo - 8181 Radio February Mix February 2026-02-09.html
I Need You,TWOFACED & Nikita Warren,Enzo - 8181 Radio February Mix February 2026-02-09.html
Someday,IDEMI,Enzo - 8181 Radio February Mix February 2026-02-09.html
8181 Radio February Mix February 2026-02-09,Enzo,Enzo - 8181 Radio February Mix February 2026-02-09.html
Let In The Light,Moderat,"Moderat & Jessy Lanza & Darkstar & Weval @ BBC Radio 1 Residency (Maida Vale London, United Kingdom) 2016-06-30.html"
Reminder,Moderat,"Moderat & Jessy Lanza & Darkstar & Weval @ BBC Radio 1 Residency (Maida Vale London, United Kingdom) 2016-06-30.html"
The Fool,Moderat,"Moderat & Jessy Lanza & Darkstar & Weval @ BBC Radio 1 Residency (Maida Vale London, United Kingdom) 2016-06-30.html"
Darkstar ft. Gaika - Black Ghost,Darkstar,"Moderat & Jessy Lanza & Darkstar & Weval @ BBC Radio 1 Residency (Maida Vale London, United Kingdom) 2016-06-30.html"
Delta Skelter,Darkstar,"Moderat & Jessy Lanza & Darkstar & Weval @ BBC Radio 1 Residency (Maida Vale London, United Kingdom) 2016-06-30.html"
Pin Secure,Darkstar,"Moderat & Jessy Lanza & Darkstar & Weval @ BBC Radio 1 Residency (Maida Vale London, United Kingdom) 2016-06-30.html"
Take It All,Scratcha DVA,"Moderat & Jessy Lanza & Darkstar & Weval @ BBC Radio 1 Residency (Maida Vale London, United Kingdom) 2016-06-30.html"
DVA ft. Roses Gabor & Rae Rae - ALMOSTU,DVA,"Moderat & Jessy Lanza & Darkstar & Weval @ BBC Radio 1 Residency (Maida Vale London, United Kingdom) 2016-06-30.html"
Scratcha DVA ft. Danalogue - NOTU_URONLINEU,Scratcha DVA,"Moderat & Jessy Lanza & Darkstar & Weval @ BBC Radio 1 Residency (Maida Vale London, United Kingdom) 2016-06-30.html"
Oh No,Jessy Lanza,"Moderat & Jessy Lanza & Darkstar & Weval @ BBC Radio 1 Residency (Maida Vale London, United Kingdom) 2016-06-30.html"
VV Violence,Jessy Lanza,"Moderat & Jessy Lanza & Darkstar & Weval @ BBC Radio 1 Residency (Maida Vale London, United Kingdom) 2016-06-30.html"
I Talk BB,Jessy Lanza,"Moderat & Jessy Lanza & Darkstar & Weval @ BBC Radio 1 Residency (Maida Vale London, United Kingdom) 2016-06-30.html"
Mount Kimbie ft. King Krule - You Took Your Time,Mount Kimbie,"Moderat & Jessy Lanza & Darkstar & Weval @ BBC Radio 1 Residency (Maida Vale London, United Kingdom) 2016-06-30.html"
"So Many Times, So Many Ways",Mount Kimbie,"Moderat & Jessy Lanza & Darkstar & Weval @ BBC Radio 1 Residency (Maida Vale London, United Kingdom) 2016-06-30.html"
Lucky,Ghost Culture,"Moderat & Jessy Lanza & Darkstar & Weval @ BBC Radio 1 Residency (Maida Vale London, United Kingdom) 2016-06-30.html"
Infinite Us,Machinedrum,"Moderat & Jessy Lanza & Darkstar & Weval @ BBC Radio 1 Residency (Maida Vale London, United Kingdom) 2016-06-30.html"
Rise N Fall,Machinedrum,"Moderat & Jessy Lanza & Darkstar & Weval @ BBC Radio 1 Residency (Maida Vale London, United Kingdom) 2016-06-30.html"
Centre Your Love,Machinedrum,"Moderat & Jessy Lanza & Darkstar & Weval @ BBC Radio 1 Residency (Maida Vale London, United Kingdom) 2016-06-30.html"
I Don't Need It,Weval,"Moderat & Jessy Lanza & Darkstar & Weval @ BBC Radio 1 Residency (Maida Vale London, United Kingdom) 2016-06-30.html"
Square People,Weval,"Moderat & Jessy Lanza & Darkstar & Weval @ BBC Radio 1 Residency (Maida Vale London, United Kingdom) 2016-06-30.html"
You're Mine,Weval,"Moderat & Jessy Lanza & Darkstar & Weval @ BBC Radio 1 Residency (Maida Vale London, United Kingdom) 2016-06-30.html"
Murmur,Akase,"Moderat & Jessy Lanza & Darkstar & Weval @ BBC Radio 1 Residency (Maida Vale London, United Kingdom) 2016-06-30.html"
Adrift,Akase,"Moderat & Jessy Lanza & Darkstar & Weval @ BBC Radio 1 Residency (Maida Vale London, United Kingdom) 2016-06-30.html"
Deft Ways,Akase,"Moderat & Jessy Lanza & Darkstar & Weval @ BBC Radio 1 Residency (Maida Vale London, United Kingdom) 2016-06-30.html"
Answer,Connie Constance,"Moderat & Jessy Lanza & Darkstar & Weval @ BBC Radio 1 Residency (Maida Vale London, United Kingdom) 2016-06-30.html"
Stars,Connie Constance,"Moderat & Jessy Lanza & Darkstar & Weval @ BBC Radio 1 Residency (Maida Vale London, United Kingdom) 2016-06-30.html"
Lose My Mind,Connie Constance,"Moderat & Jessy Lanza & Darkstar & Weval @ BBC Radio 1 Residency (Maida Vale London, United Kingdom) 2016-06-30.html"
Time Eater,Gold Panda,"Moderat & Jessy Lanza & Darkstar & Weval @ BBC Radio 1 Residency (Maida Vale London, United Kingdom) 2016-06-30.html"
Chiba Nights,Gold Panda,"Moderat & Jessy Lanza & Darkstar & Weval @ BBC Radio 1 Residency (Maida Vale London, United Kingdom) 2016-06-30.html"
Your Good Times Are Just Beginning,Gold Panda,"Moderat & Jessy Lanza & Darkstar & Weval @ BBC Radio 1 Residency (Maida Vale London, United Kingdom) 2016-06-30.html"
Glassbeadgames,Martyn & Four Tet,"Moderat & Jessy Lanza & Darkstar & Weval @ BBC Radio 1 Residency (Maida Vale London, United Kingdom) 2016-06-30.html"
BBC Radio 1 Residency 2016-07-07,George Fitzgerald & Will Saul,"Moderat & Jessy Lanza & Darkstar & Weval @ BBC Radio 1 Residency (Maida Vale London, United Kingdom) 2016-06-30.html"
BBC Radio 1 Residency 2016-06-24,Kode9,"Moderat & Jessy Lanza & Darkstar & Weval @ BBC Radio 1 Residency (Maida Vale London, United Kingdom) 2016-06-30.html"
Get Up,Enzo Is Burning,Pete Tong & Enzo Is Burning & Carlita + More - Global Dance HQ Best of the Mixes 2024 2024-12-20.html
Whippin',Jay de Lys,Pete Tong & Enzo Is Burning & Carlita + More - Global Dance HQ Best of the Mixes 2024 2024-12-20.html
Rockyabody,Enzo Is Burning,Pete Tong & Enzo Is Burning & Carlita + More - Global Dance HQ Best of the Mixes 2024 2024-12-20.html
Whogotthefunk?,Enzo Is Burning,Pete Tong & Enzo Is Burning & Carlita + More - Global Dance HQ Best of the Mixes 2024 2024-12-20.html
Little L (Enzo Is Burning Edit),Jamiroquai,Pete Tong & Enzo Is Burning & Carlita + More - Global Dance HQ Best of the Mixes 2024 2024-12-20.html
Red Alert (Tim Taylor Remix),Basement Jaxx,Pete Tong & Enzo Is Burning & Carlita + More - Global Dance HQ Best of the Mixes 2024 2024-12-20.html
Paris Is Burnin',Clyde P,Pete Tong & Enzo Is Burning & Carlita + More - Global Dance HQ Best of the Mixes 2024 2024-12-20.html
Loco,Enzo Is Burning,Pete Tong & Enzo Is Burning & Carlita + More - Global Dance HQ Best of the Mixes 2024 2024-12-20.html
Give It Up,Enzo Is Burning,Pete Tong & Enzo Is Burning & Carlita + More - Global Dance HQ Best of the Mixes 2024 2024-12-20.html
On My Mind (Enzo Is Burning Remix),Alan Fitzpatrick & Ronnie Spiteri,Pete Tong & Enzo Is Burning & Carlita + More - Global Dance HQ Best of the Mixes 2024 2024-12-20.html
Drummin (Louis Benedetti Remix),Alec Wizz,Pete Tong & Enzo Is Burning & Carlita + More - Global Dance HQ Best of the Mixes 2024 2024-12-20.html
Go Brooklyn,Butch,Pete Tong & Enzo Is Burning & Carlita + More - Global Dance HQ Best of the Mixes 2024 2024-12-20.html
Cash For Love,Carlita,Pete Tong & Enzo Is Burning & Carlita + More - Global Dance HQ Best of the Mixes 2024 2024-12-20.html
Revolver,Airwolf Paradise,Pete Tong & Enzo Is Burning & Carlita + More - Global Dance HQ Best of the Mixes 2024 2024-12-20.html
All Love,Sally C,Pete Tong & Enzo Is Burning & Carlita + More - Global Dance HQ Best of the Mixes 2024 2024-12-20.html
Street Knowledge,L.P. Rhythm,Pete Tong & Enzo Is Burning & Carlita + More - Global Dance HQ Best of the Mixes 2024 2024-12-20.html
Now U Do (Carlita Remix),DJ Seinfeld & Confidence Man,Pete Tong & Enzo Is Burning & Carlita + More - Global Dance HQ Best of the Mixes 2024 2024-12-20.html
Carlita ft. Cleo Simone - Planet Blue,Carlita,Pete Tong & Enzo Is Burning & Carlita + More - Global Dance HQ Best of the Mixes 2024 2024-12-20.html
Maz & VXSION - Amana,Maz (BR) & VXSION,Pete Tong & Enzo Is Burning & Carlita + More - Global Dance HQ Best of the Mixes 2024 2024-12-20.html
Corpo e Canção,Antdot & Maz & Letícia Fialho,Pete Tong & Enzo Is Burning & Carlita + More - Global Dance HQ Best of the Mixes 2024 2024-12-20.html
Maz & Apache & MAXI MERAKI ft. Tabia - Nothing On Me,Maz (BR) & Apache & MAXI MERAKI,Pete Tong & Enzo Is Burning & Carlita + More - Global Dance HQ Best of the Mixes 2024 2024-12-20.html
Maz & Antdot & Sued Nunes - Povoada (Remix),Maz (BR) & Antdot & Sued Nunes,Pete Tong & Enzo Is Burning & Carlita + More - Global Dance HQ Best of the Mixes 2024 2024-12-20.html
Maz & Antdot & Jéssica Gaspar - Emoriô,Maz (BR) & Antdot & Jéssica Gaspar,Pete Tong & Enzo Is Burning & Carlita + More - Global Dance HQ Best of the Mixes 2024 2024-12-20.html
Banho De Folhas (Maz Remix),Luedji Luna,Pete Tong & Enzo Is Burning & Carlita + More - Global Dance HQ Best of the Mixes 2024 2024-12-20.html
What They Call Us (Âme Remix),Fever Ray,Pete Tong & Enzo Is Burning & Carlita + More - Global Dance HQ Best of the Mixes 2024 2024-12-20.html
Carlitos (Frank Wiedemann Remix),Keope,Pete Tong & Enzo Is Burning & Carlita + More - Global Dance HQ Best of the Mixes 2024 2024-12-20.html
Perdidos En El Valle (TERR Remix),Keope,Pete Tong & Enzo Is Burning & Carlita + More - Global Dance HQ Best of the Mixes 2024 2024-12-20.html
Human Rights,Jimi Jules,Pete Tong & Enzo Is Burning & Carlita + More - Global Dance HQ Best of the Mixes 2024 2024-12-20.html
Asa,Âme,Pete Tong & Enzo Is Burning & Carlita + More - Global Dance HQ Best of the Mixes 2024 2024-12-20.html
Global Dance HQ Best of the Mixes 2024 2024-12-20,Pete Tong & Enzo Is Burning & Carlita + More,Pete Tong & Enzo Is Burning & Carlita + More - Global Dance HQ Best of the Mixes 2024 2024-12-20.html
Global Dance HQ 2024-07-12,Pete Tong & Enzo Is Burning & Mind Against,Pete Tong & Enzo Is Burning & Carlita + More - Global Dance HQ Best of the Mixes 2024 2024-12-20.html
Global Dance HQ 2024-07-12,Pete Tong & Enzo Is Burning & Mind Against,Pete Tong & Enzo Is Burning & Carlita + More - Global Dance HQ Best of the Mixes 2024 2024-12-20.html
Global Dance HQ 2024-04-05,Pete Tong & Carlita & Francis Mercier,Pete Tong & Enzo Is Burning & Carlita + More - Global Dance HQ Best of the Mixes 2024 2024-12-20.html
Global Dance HQ 2024-04-05,Pete Tong & Carlita & Francis Mercier,Pete Tong & Enzo Is Burning & Carlita + More - Global Dance HQ Best of the Mixes 2024 2024-12-20.html
Global Dance HQ 2024-03-22,Pete Tong & Maz,Pete Tong & Enzo Is Burning & Carlita + More - Global Dance HQ Best of the Mixes 2024 2024-12-20.html
Global Dance HQ 2024-03-22,Pete Tong & Maz,Pete Tong & Enzo Is Burning & Carlita + More - Global Dance HQ Best of the Mixes 2024 2024-12-20.html
Global Dance HQ 2024-07-19,Pete Tong & Âme,Pete Tong & Enzo Is Burning & Carlita + More - Global Dance HQ Best of the Mixes 2024 2024-12-20.html
Global Dance HQ 2024-07-19,Pete Tong & Âme,Pete Tong & Enzo Is Burning & Carlita + More - Global Dance HQ Best of the Mixes 2024 2024-12-20.html
Global Dance HQ 2025-01-03,Pete Tong & L.P. Rhythm & Adam Ten,Pete Tong & Enzo Is Burning & Carlita + More - Global Dance HQ Best of the Mixes 2024 2024-12-20.html
Global Dance HQ The Year in Dance 2024 2024-12-13,Pete Tong,Pete Tong & Enzo Is Burning & Carlita + More - Global Dance HQ Best of the Mixes 2024 2024-12-20.html
Heartbreaker,Nacho Scoppa,"Enzo Is Burning @ Paradise, [UNVRS] Ibiza, Spain 2025-07-30.html"
Nina Sky ft. Jabba - Move Ya Body,Nina Sky,"Enzo Is Burning @ Paradise, [UNVRS] Ibiza, Spain 2025-07-30.html"
Wan Sugar Lady,Kidoo,"Enzo Is Burning @ Paradise, [UNVRS] Ibiza, Spain 2025-07-30.html"
The Ha Dance (Ken/Lou Mixx),Masters At Work,"Enzo Is Burning @ Paradise, [UNVRS] Ibiza, Spain 2025-07-30.html"
Bigger Than Prince,Green Velvet,"Enzo Is Burning @ Paradise, [UNVRS] Ibiza, Spain 2025-07-30.html"
Money Dance,Brugio,"Enzo Is Burning @ Paradise, [UNVRS] Ibiza, Spain 2025-07-30.html"
JayDee,Detlef,"Enzo Is Burning @ Paradise, [UNVRS] Ibiza, Spain 2025-07-30.html"
Pentada,Gian Maria Della Marta & Raphael,"Enzo Is Burning @ Paradise, [UNVRS] Ibiza, Spain 2025-07-30.html"
Goodies,Pedroz & GREG 99,"Enzo Is Burning @ Paradise, [UNVRS] Ibiza, Spain 2025-07-30.html"
Hot Girl,Andre Butano & Chinonegro,"Enzo Is Burning @ Paradise, [UNVRS] Ibiza, Spain 2025-07-30.html"
Cap,Enzo Is Burning,"Enzo Is Burning @ Paradise, [UNVRS] Ibiza, Spain 2025-07-30.html"
Youngstaz,Classmatic & Slugg,"Enzo Is Burning @ Paradise, [UNVRS] Ibiza, Spain 2025-07-30.html"
LA Street,Tony Romera,"Enzo Is Burning @ Paradise, [UNVRS] Ibiza, Spain 2025-07-30.html"
Hello,Lotten,"Enzo Is Burning @ Paradise, [UNVRS] Ibiza, Spain 2025-07-30.html"
Got To Give It Up,Aaliyah,"Enzo Is Burning @ Paradise, [UNVRS] Ibiza, Spain 2025-07-30.html"
Foxxy,Speaker Junk,"Enzo Is Burning @ Paradise, [UNVRS] Ibiza, Spain 2025-07-30.html"
Gettin' Heard,nocapz.,"Enzo Is Burning @ Paradise, [UNVRS] Ibiza, Spain 2025-07-30.html"
Shouta,Sik&Sem,"Enzo Is Burning @ Paradise, [UNVRS] Ibiza, Spain 2025-07-30.html"
Party,PAWSA,"Enzo Is Burning @ Paradise, [UNVRS] Ibiza, Spain 2025-07-30.html"
90's Club,Crewcutz,"Enzo Is Burning @ Paradise, [UNVRS] Ibiza, Spain 2025-07-30.html"
Technologic (Acappella),Daft Punk,"Enzo Is Burning @ Paradise, [UNVRS] Ibiza, Spain 2025-07-30.html"
My Wave,Enzo Is Burning & Benni Ola,"Enzo Is Burning @ Paradise, [UNVRS] Ibiza, Spain 2025-07-30.html"
Aftercito,Toman,"Enzo Is Burning @ Paradise, [UNVRS] Ibiza, Spain 2025-07-30.html"
Cunty,Kevin Aviance,"Enzo Is Burning @ Paradise, [UNVRS] Ibiza, Spain 2025-07-30.html"
You & I,Dabeull & Holybrune,"Enzo Is Burning @ Paradise, [UNVRS] Ibiza, Spain 2025-07-30.html"
Cherry Vanilla,Rob Stillekens,"Enzo Is Burning @ Paradise, [UNVRS] Ibiza, Spain 2025-07-30.html"
Night Moves,Joshwa & Enzo Is Burning,"Enzo Is Burning @ Paradise, [UNVRS] Ibiza, Spain 2025-07-30.html"
Burnin',Daft Punk,"Enzo Is Burning @ Paradise, [UNVRS] Ibiza, Spain 2025-07-30.html"
Fantasy,RSquared,"Enzo Is Burning @ Paradise, [UNVRS] Ibiza, Spain 2025-07-30.html"
Goodbye Oldies 1150,Jessy Lanza,Jessy Lanza - FACT Mix 543 2016-03-28.html
It's About Time To Get Mine,Envyi,Jessy Lanza - FACT Mix 543 2016-03-28.html
After Midnight,Dwight Sykes,Jessy Lanza - FACT Mix 543 2016-03-28.html
Calling,Freddie Jackson,Jessy Lanza - FACT Mix 543 2016-03-28.html
Ngiyekele,Mpume,Jessy Lanza - FACT Mix 543 2016-03-28.html
Can't Turn Back,Younger Than Pearl,Jessy Lanza - FACT Mix 543 2016-03-28.html
Back To Dat,Symplx,Jessy Lanza - FACT Mix 543 2016-03-28.html
Laugh Gas,Haruomi Hosono,Jessy Lanza - FACT Mix 543 2016-03-28.html
The Dance,Derrick May,Jessy Lanza - FACT Mix 543 2016-03-28.html
Never Enough (Up),Jessy Lanza,Jessy Lanza - FACT Mix 543 2016-03-28.html
Move (Acid Mix),Tevo Howard,Jessy Lanza - FACT Mix 543 2016-03-28.html
You're The One (You're My Only One),Katie Kissoon,Jessy Lanza - FACT Mix 543 2016-03-28.html
Haven't You Heard,Patrice Rushen,Jessy Lanza - FACT Mix 543 2016-03-28.html
Casablanca,Mzo Bullet,Jessy Lanza - FACT Mix 543 2016-03-28.html
DJ Xclusive ft. Wizkid - Jeje,DJ Xclusive,Jessy Lanza - FACT Mix 543 2016-03-28.html
アニマロイド・,Apogee & Perigee,Jessy Lanza - FACT Mix 543 2016-03-28.html
FACT Mix 543 2016-03-28,Jessy Lanza,Jessy Lanza - FACT Mix 543 2016-03-28.html
Believe In Myself,PARISI,Pete Tong & Enzo Siragusa - Global Dance HQ 2024-02-09.html
This Is Just A Dream,Disfreq,Pete Tong & Enzo Siragusa - Global Dance HQ 2024-02-09.html
Harjex ft. Sofiya Nzau - Jamuke (Diamond Dealer Remix),Harjex,Pete Tong & Enzo Siragusa - Global Dance HQ 2024-02-09.html
Shiver (Ivory Remix),Fever Ray,Pete Tong & Enzo Siragusa - Global Dance HQ 2024-02-09.html
I. JORDAN ft. Felix Mufti - Real Hot n Naughty,I. JORDAN,Pete Tong & Enzo Siragusa - Global Dance HQ 2024-02-09.html
To The Edge,Spencer Parker,Pete Tong & Enzo Siragusa - Global Dance HQ 2024-02-09.html
Never Felt (So Good),Jamie Unknown,Pete Tong & Enzo Siragusa - Global Dance HQ 2024-02-09.html
Perfect (Exceeder),David Guetta & Mason vs. Princess Superstar,Pete Tong & Enzo Siragusa - Global Dance HQ 2024-02-09.html
CHROMA 001 HELIUM,Bicep,Pete Tong & Enzo Siragusa - Global Dance HQ 2024-02-09.html
The Girl In The Room,TMPLE,Pete Tong & Enzo Siragusa - Global Dance HQ 2024-02-09.html
Pictures Of You,Anyma,Pete Tong & Enzo Siragusa - Global Dance HQ 2024-02-09.html
Shoop (Tom Zeta Edit),Salt-N-Pepa,Pete Tong & Enzo Siragusa - Global Dance HQ 2024-02-09.html
Rizz,AYYBO,Pete Tong & Enzo Siragusa - Global Dance HQ 2024-02-09.html
Chris Lake & FISHER & Sante Sansone vs. Gotye ft. Kimbra - Somebody (2024),Chris Lake & FISHER & Sante Sansone vs. Gotye,Pete Tong & Enzo Siragusa - Global Dance HQ 2024-02-09.html
Gorgon City ft. Bbyafricka - Biggest Regret (Drumsheds Version),Gorgon City,Pete Tong & Enzo Siragusa - Global Dance HQ 2024-02-09.html
You See Me,Gabriele Toma,Pete Tong & Enzo Siragusa - Global Dance HQ 2024-02-09.html
Last Night,Loofy,Pete Tong & Enzo Siragusa - Global Dance HQ 2024-02-09.html
Desire,Chris Stussy,Pete Tong & Enzo Siragusa - Global Dance HQ 2024-02-09.html
Garrett David ft. Maudi - Mi Casa,Garrett David,Pete Tong & Enzo Siragusa - Global Dance HQ 2024-02-09.html
Lighthouse,Theo Kottis,Pete Tong & Enzo Siragusa - Global Dance HQ 2024-02-09.html
Euphoria,Data Memory Access,Pete Tong & Enzo Siragusa - Global Dance HQ 2024-02-09.html
Mood Swings,Little Simz,Pete Tong & Enzo Siragusa - Global Dance HQ 2024-02-09.html
Loved,Four Tet,Pete Tong & Enzo Siragusa - Global Dance HQ 2024-02-09.html
WhoMadeWho ft. RY X - Love Will Save Me,WhoMadeWho,Pete Tong & Enzo Siragusa - Global Dance HQ 2024-02-09.html
Wanna Feel,SOBSTORY,Pete Tong & Enzo Siragusa - Global Dance HQ 2024-02-09.html
Space,ALADAG,Pete Tong & Enzo Siragusa - Global Dance HQ 2024-02-09.html
Puerto De Los Divos,ALADAG,Pete Tong & Enzo Siragusa - Global Dance HQ 2024-02-09.html
Matemática,8Kays & Abrão & Glowal,Pete Tong & Enzo Siragusa - Global Dance HQ 2024-02-09.html
Oguerre,Massimo Lippoli,Pete Tong & Enzo Siragusa - Global Dance HQ 2024-02-09.html
Shelter,Innellea & Monolink & CamelPhat,Pete Tong & Enzo Siragusa - Global Dance HQ 2024-02-09.html
Horizon,Adriatique & Undercatt,Pete Tong & Enzo Siragusa - Global Dance HQ 2024-02-09.html
Global Dance HQ 2024-02-09,Pete Tong & Enzo Siragusa,Pete Tong & Enzo Siragusa - Global Dance HQ 2024-02-09.html
Global Dance HQ 2024-02-16,Pete Tong & Zerb,Pete Tong & Enzo Siragusa - Global Dance HQ 2024-02-09.html
Global Dance HQ Month In Dance 2024-02-02,Pete Tong & MoBlack,Pete Tong & Enzo Siragusa - Global Dance HQ 2024-02-09.html
Never (Enzo Siragusa & Rich NxT Enrichment),Seb Zito,"Enzo Siragusa @ Fuse 10th Anniversary, Studio 338 London, United Kingdom 2018-11-24.html"
Carl Craig pres. Paperclip People - Throw (Slam RTM Remix),Paperclip People,"Enzo Siragusa @ Fuse 10th Anniversary, Studio 338 London, United Kingdom 2018-11-24.html"
Sweat (Ben Rau Meta Remix),Richy Ahmed,"Enzo Siragusa @ Fuse 10th Anniversary, Studio 338 London, United Kingdom 2018-11-24.html"
Dirt Cabana,Moritz Piske,"Enzo Siragusa @ Fuse 10th Anniversary, Studio 338 London, United Kingdom 2018-11-24.html"
Voodoo,Enzo Siragusa,"Enzo Siragusa @ Fuse 10th Anniversary, Studio 338 London, United Kingdom 2018-11-24.html"
Star Odyssey,Los Niños,Angelos - Celebration Mix 2023-03-01.html
Black Coffee ft. OSKIDO & Bruce Sebitlo - Sik'khuzile,Black Coffee,Angelos - Celebration Mix 2023-03-01.html
DJ Chus & David Penn ft. Caterina - Baila (Dennis Ferrer Bergentine Mix),DJ Chus & David Penn,Angelos - Celebration Mix 2023-03-01.html
Mi Amor,Paco De Rosa,Angelos - Celebration Mix 2023-03-01.html
Bang The Drum (Manoo Remix),Sister Pearl,Angelos - Celebration Mix 2023-03-01.html
Cuba Libre,Angelos & Da Mike & Cristian Vinci,Angelos - Celebration Mix 2023-03-01.html
Tourment d'Amour,Africanism pres. DJ Gregory,Angelos - Celebration Mix 2023-03-01.html
Coro,Kerri Chandler,Angelos - Celebration Mix 2023-03-01.html
Nen Lambo (&ME & Rampa Edit),Bill Loko,Angelos - Celebration Mix 2023-03-01.html
Eme Lelu (Adam Port Edit),Quim Manuel O Espirito Santo,Angelos - Celebration Mix 2023-03-01.html
Celebration Mix 2023-03-01,Angelos,Angelos - Celebration Mix 2023-03-01.html
Njinmah,AYOUBYME,Angelos - m2o Afro House Heroes 2024-11-15.html
Balneario,Martijn Ten Velden,Angelos - m2o Afro House Heroes 2024-11-15.html
Smooth Goose,Secret Factory,Angelos - m2o Afro House Heroes 2024-11-15.html
Sirkustelt,Meera,Angelos - m2o Afro House Heroes 2024-11-15.html
MoBlack & Benja & Franc Fala ft. Salif Keïta & Cesária Évora - Yamore (FNX Omar Remix),MoBlack & Benja & Franc Fala,Angelos - m2o Afro House Heroes 2024-11-15.html
Mulher Gato,MULYA,Angelos - m2o Afro House Heroes 2024-11-15.html
Rabbit Hole,Carlos Francisco,Angelos - m2o Afro House Heroes 2024-11-15.html
You Are,Demayä,Angelos - m2o Afro House Heroes 2024-11-15.html
Broke In Pieces,Yamil,Angelos - m2o Afro House Heroes 2024-11-15.html
Soul Free,Robert Owens & Fiona Kraft & Angelos,Angelos - m2o Afro House Heroes 2024-11-15.html
Joeski ft. Troy Dillard - Music Is My Home,Joeski,Angelos - m2o Afro House Heroes 2024-11-15.html
m2o Afro House Heroes 2024-11-15,Angelos,Angelos - m2o Afro House Heroes 2024-11-15.html
Beltran - Warning,Beltran (BR),Enzo - Vicious Exclusive Mix 2025-11-13.html
Same Man,DJ Delicious & Till West,Enzo - Vicious Exclusive Mix 2025-11-13.html
Go (HI-LO Remix),Moby,Enzo - Vicious Exclusive Mix 2025-11-13.html
Cookie Dough (Dynamo Remix),Dubdogz & Quarterhead,Enzo - Vicious Exclusive Mix 2025-11-13.html
To The Club,CID vs. Spankox,Enzo - Vicious Exclusive Mix 2025-11-13.html
Inferno,Max Styler,Enzo - Vicious Exclusive Mix 2025-11-13.html
Enzo - Green Nights,Enzo (SE),Enzo - Vicious Exclusive Mix 2025-11-13.html
Vicious Exclusive Mix 2025-11-13,Enzo,Enzo - Vicious Exclusive Mix 2025-11-13.html
Big Pink Rose,Jessy Lanza,Jessy Lanza - BBC 6 Music 2023-08-18.html
Freak Heat Waves ft. Cindy Lee - In A Moment Divine,Freak Heat Waves,Jessy Lanza - BBC 6 Music 2023-08-18.html
Push It!,Head High,Jessy Lanza - BBC 6 Music 2023-08-18.html
Foolish Man,Jack J,Jessy Lanza - BBC 6 Music 2023-08-18.html
Marathon,Jessy Lanza,Jessy Lanza - BBC 6 Music 2023-08-18.html
King David Style,DJ Escrow,Jessy Lanza - BBC 6 Music 2023-08-18.html
Vibrant Matter,Flint,Jessy Lanza - BBC 6 Music 2023-08-18.html
Papi's Pumping Piano,ABSOLUTE.,Jessy Lanza - BBC 6 Music 2023-08-18.html
Creek,Hiroshi Yoshimura,Jessy Lanza - BBC 6 Music 2023-08-18.html
Get To Know You,Katerina,Jessy Lanza - BBC 6 Music 2023-08-18.html
Dome C,Ciaran Jacob & Flora Yin-Wong,Jessy Lanza - BBC 6 Music 2023-08-18.html
Goobernational Candidacy,Snad,Jessy Lanza - BBC 6 Music 2023-08-18.html
Skizzo,Marco Passarani,Jessy Lanza - BBC 6 Music 2023-08-18.html
The Cosmic Age,Zakia Sewell,Jessy Lanza - BBC 6 Music 2023-08-18.html
BBC 6 Music 2023-08-18,Jessy Lanza,Jessy Lanza - BBC 6 Music 2023-08-18.html
The Words To Auld Lang Syne,Antony Szmierek,Jessy Lanza - BBC 6 Music 2023-07-27.html
Freak Me Now,Jessie Ware,Jessy Lanza - BBC 6 Music 2023-07-27.html
Carapace,Murlo,Jessy Lanza - BBC 6 Music 2023-07-27.html
In A Room7 F760,Aphex Twin,Jessy Lanza - BBC 6 Music 2023-07-27.html
Denzel Curry ft. Juicy J - Blood On My Nikez,Denzel Curry,Jessy Lanza - BBC 6 Music 2023-07-27.html
Back On 74,Jungle,Jessy Lanza - BBC 6 Music 2023-07-27.html
HHB,Tiberius b,Jessy Lanza - BBC 6 Music 2023-07-27.html
Picture Of Health,Problem Patterns,Jessy Lanza - BBC 6 Music 2023-07-27.html
One Day At A Time,Samantha Urbani,Jessy Lanza - BBC 6 Music 2023-07-27.html
Rabbit Hole,Datarock,Jessy Lanza - BBC 6 Music 2023-07-27.html
Cascade,Sebastian Reynolds,Jessy Lanza - BBC 6 Music 2023-07-27.html
Another Side,Woods,Jessy Lanza - BBC 6 Music 2023-07-27.html
Tower Of Meaning III,Peter Broderick & Ensemble 0,Jessy Lanza - BBC 6 Music 2023-07-27.html
Use It Or Lose It,Lynks,Jessy Lanza - BBC 6 Music 2023-07-27.html
Think'in Bout U,Molima,Jessy Lanza - BBC 6 Music 2023-07-27.html
Tongue Pecker,Omar-S,Jessy Lanza - BBC 6 Music 2023-07-27.html
Faces,Clio,Jessy Lanza - BBC 6 Music 2023-07-27.html
Limbo,Jessy Lanza,Jessy Lanza - BBC 6 Music 2023-07-27.html
Drive,Jessy Lanza,Jessy Lanza - BBC 6 Music 2023-07-27.html
Dada Entry,Jason Burns & Lauren Flax & Peter Sheppard,Jessy Lanza - BBC 6 Music 2023-07-27.html
Steppin',Lo'99 & Ray Foxx,Jessy Lanza - BBC 6 Music 2023-07-27.html
Get Away (TuffCulture Remix),Temgri,Jessy Lanza - BBC 6 Music 2023-07-27.html
Rumble (Cando Remix),Henry Greenleaf,Jessy Lanza - BBC 6 Music 2023-07-27.html
Golden Air (Gwenno Remix),Sun's Signature,Jessy Lanza - BBC 6 Music 2023-07-27.html
Electric Wizard,Volleyball,Jessy Lanza - BBC 6 Music 2023-07-27.html
Ventolin,Maria Uzor,Jessy Lanza - BBC 6 Music 2023-07-27.html
My Daughter My Sister My Son,Ebony Lamb,Jessy Lanza - BBC 6 Music 2023-07-27.html
Home,Belau & Mulay,Jessy Lanza - BBC 6 Music 2023-07-27.html
"Kids, It Makes No Difference",Ex-Partner,Jessy Lanza - BBC 6 Music 2023-07-27.html
Inside Minds,Resavoir,Jessy Lanza - BBC 6 Music 2023-07-27.html
BBC 6 Music 2023-07-27,Jessy Lanza,Jessy Lanza - BBC 6 Music 2023-07-27.html
Kilimanjaro Sound,Enzo Siragusa,"Rossi. & Enzo Siragusa @ FUSE Open Air, London, United Kingdom 2025-06-08.html"
Audi TT,RTK Tarantino,"Rossi. & Enzo Siragusa @ FUSE Open Air, London, United Kingdom 2025-06-08.html"
Like That,L.P. Rhythm,"Rossi. & Enzo Siragusa @ FUSE Open Air, London, United Kingdom 2025-06-08.html"
Ghosting In The Rave,Main Phase,"Rossi. & Enzo Siragusa @ FUSE Open Air, London, United Kingdom 2025-06-08.html"
Scream,Soulfreq,"Rossi. & Enzo Siragusa @ FUSE Open Air, London, United Kingdom 2025-06-08.html"
Jungle Is Massive,RTK Tarantino,"Rossi. & Enzo Siragusa @ FUSE Open Air, London, United Kingdom 2025-06-08.html"
Make Me Wanna,The Trip,"Rossi. & Enzo Siragusa @ FUSE Open Air, London, United Kingdom 2025-06-08.html"
Get Down,Burnski & Kepler,"Rossi. & Enzo Siragusa @ FUSE Open Air, London, United Kingdom 2025-06-08.html"
Want Some,Enzo Siragusa,"Rossi. & Enzo Siragusa @ FUSE Open Air, London, United Kingdom 2025-06-08.html"
Don't Grab My Booty,Rossi.,"Rossi. & Enzo Siragusa @ FUSE Open Air, London, United Kingdom 2025-06-08.html"
Devil's Dance (Rossi. Remix),Todd Terry pres. Sound Design,"Rossi. & Enzo Siragusa @ FUSE Open Air, London, United Kingdom 2025-06-08.html"
House Nation,Kepler & The Trip,"Rossi. & Enzo Siragusa @ FUSE Open Air, London, United Kingdom 2025-06-08.html"
Make It Better,Josi Devil,"Rossi. & Enzo Siragusa @ FUSE Open Air, London, United Kingdom 2025-06-08.html"
Little Man (Proud Of You),Rossi,"Rossi. & Enzo Siragusa @ FUSE Open Air, London, United Kingdom 2025-06-08.html"
Feeeeeeel It,Soul Mass Transit System,"Rossi. & Enzo Siragusa @ FUSE Open Air, London, United Kingdom 2025-06-08.html"
School,Scott Garcia & MC Vapour,"Rossi. & Enzo Siragusa @ FUSE Open Air, London, United Kingdom 2025-06-08.html"
Can't Resist,Jamback,"Rossi. & Enzo Siragusa @ FUSE Open Air, London, United Kingdom 2025-06-08.html"
I Like That,Mariche,"Rossi. & Enzo Siragusa @ FUSE Open Air, London, United Kingdom 2025-06-08.html"
Workin' With,Luke Dean,"Rossi. & Enzo Siragusa @ FUSE Open Air, London, United Kingdom 2025-06-08.html"
ID,M-High,"Rossi. & Enzo Siragusa @ FUSE Open Air, London, United Kingdom 2025-06-08.html"
Dreams (Paolo Rocco Deep Mix),Tommy Vicari Jnr,"Rossi. & Enzo Siragusa @ FUSE Open Air, London, United Kingdom 2025-06-08.html"
High On Me,Jazzy & Rossi.,"Rossi. & Enzo Siragusa @ FUSE Open Air, London, United Kingdom 2025-06-08.html"
Sweatbox (Enzo Siragusa Remix),Harry Wills & Mikey Sebastian,"Rossi. & Enzo Siragusa @ FUSE Open Air, London, United Kingdom 2025-06-08.html"
Time (Doza & Lawnchair Generals Remix),Hanna,Enzo Siragusa - Resident Advisor Podcast 1008 2025-10-12.html
Stop War (DJ Adnan & Amit Shoham Remix),DJ Adnan,Enzo Siragusa - Resident Advisor Podcast 1008 2025-10-12.html
Jon Cutler ft. Vanessa Freeman - Focus (Lifted Up),Jon Cutler,Enzo Siragusa - Resident Advisor Podcast 1008 2025-10-12.html
Thelon,Adam Marshall,Enzo Siragusa - Resident Advisor Podcast 1008 2025-10-12.html
Mystical Rhythm (Mr. C Remix),Vince Watson,Enzo Siragusa - Resident Advisor Podcast 1008 2025-10-12.html
Odyssey,Enzo Siragusa,Enzo Siragusa - Resident Advisor Podcast 1008 2025-10-12.html
Resident Advisor Podcast 1008 2025-10-12,Enzo Siragusa,Enzo Siragusa - Resident Advisor Podcast 1008 2025-10-12.html
Resident Advisor Podcast 1010 2025-10-26,1OO1O,Enzo Siragusa - Resident Advisor Podcast 1008 2025-10-12.html
Resident Advisor Podcast 1007 2025-10-05,mi-el,Enzo Siragusa - Resident Advisor Podcast 1008 2025-10-12.html
Squad,Den Haas,Enzo Siragusa - Eats Everything's edible bEats 145 2019-12-12.html
Time Zone,Charlie Banks,Enzo Siragusa - Eats Everything's edible bEats 145 2019-12-12.html
007 Freak,Miroloja & Rowlanz,Enzo Siragusa - Eats Everything's edible bEats 145 2019-12-12.html
Jumping Trip,MBG,Enzo Siragusa - Eats Everything's edible bEats 145 2019-12-12.html
Eats Everything's edible bEats 145 2019-12-12,Enzo Siragusa,Enzo Siragusa - Eats Everything's edible bEats 145 2019-12-12.html
edible bEats 146 (Eats Rebeef Special) 2019-12-19,Eats Everything,Enzo Siragusa - Eats Everything's edible bEats 145 2019-12-12.html
edible bEats 144 2019-12-04,Eats Everything,Enzo Siragusa - Eats Everything's edible bEats 145 2019-12-12.html
Guess What,Jessy Lanza,Jessy Lanza - i-D Online Music To... Cheer Yourself Up To 2014-11-04.html
Henny In Hand,Tory Lanez,Jessy Lanza - i-D Online Music To... Cheer Yourself Up To 2014-11-04.html
Ongina Interlude,ID,Jessy Lanza - i-D Online Music To... Cheer Yourself Up To 2014-11-04.html
Roll With Me,2nyo,Jessy Lanza - i-D Online Music To... Cheer Yourself Up To 2014-11-04.html
Addison Groove ft. DJ Rashad - U Been Gone,Addison Groove,Jessy Lanza - i-D Online Music To... Cheer Yourself Up To 2014-11-04.html
ID,Jessy Lanza & TASO & DJ Spinn,Jessy Lanza - i-D Online Music To... Cheer Yourself Up To 2014-11-04.html
Burn That Kush,TASO & DJ Spinn,Jessy Lanza - i-D Online Music To... Cheer Yourself Up To 2014-11-04.html
Anotha Lonely Night (Twelve A.M),Delroy Edwards,Jessy Lanza - i-D Online Music To... Cheer Yourself Up To 2014-11-04.html
Doc Daneeka ft. Seven Davis Jr. - What's It Gonna Be?,Doc Daneeka,Jessy Lanza - i-D Online Music To... Cheer Yourself Up To 2014-11-04.html
Tell Me,Juke Wilson,Jessy Lanza - i-D Online Music To... Cheer Yourself Up To 2014-11-04.html
Ligne Onze,Crackboy & Jean Nipon,Jessy Lanza - i-D Online Music To... Cheer Yourself Up To 2014-11-04.html
Buchla (Seven Davis Jr. Remix),Four Tet,Jessy Lanza - i-D Online Music To... Cheer Yourself Up To 2014-11-04.html
What's Up Evan,French Fries & Bambounou,Jessy Lanza - i-D Online Music To... Cheer Yourself Up To 2014-11-04.html
Plane Love,Jeffrey Osborne,Jessy Lanza - i-D Online Music To... Cheer Yourself Up To 2014-11-04.html
Take Me Higher,Virgo Four,Jessy Lanza - i-D Online Music To... Cheer Yourself Up To 2014-11-04.html
In The Grid,FunkinEvil,Jessy Lanza - i-D Online Music To... Cheer Yourself Up To 2014-11-04.html
Missing You,Larry Heard,Jessy Lanza - i-D Online Music To... Cheer Yourself Up To 2014-11-04.html
Laced With Water,Delroy Edwards,Jessy Lanza - i-D Online Music To... Cheer Yourself Up To 2014-11-04.html
Takin It No More,Sharaya J,Jessy Lanza - i-D Online Music To... Cheer Yourself Up To 2014-11-04.html
Putty Tart,Mouse On Mars vs. Junior Boys,Jessy Lanza - i-D Online Music To... Cheer Yourself Up To 2014-11-04.html
i-D Online Music To... Cheer Yourself Up To 2014-11-04,Jessy Lanza,Jessy Lanza - i-D Online Music To... Cheer Yourself Up To 2014-11-04.html
Wrong,Marc Gonen,Angelos - Afro House Heroes 2024-09-27.html
You Don't See Me,Laolu & Nomvula SA,Angelos - Afro House Heroes 2024-09-27.html
Armonica ft. Toshi - Ngeke,Armonica,Angelos - Afro House Heroes 2024-09-27.html
Loira,Super Flu & Malive,Angelos - Afro House Heroes 2024-09-27.html
Pablo Fierro & Carlos Francisco ft. Jaky Amir - Koroka,Pablo Fierro & Carlos Francisco,Angelos - Afro House Heroes 2024-09-27.html
Spectre,Jazzuelle,Angelos - Afro House Heroes 2024-09-27.html
The Choice (Angelos Remix),Catz 'N Dogz,Angelos - Afro House Heroes 2024-09-27.html
Broke In Pieces (Da Mike Remix),Yamil,Angelos - Afro House Heroes 2024-09-27.html
No More Faith,Collé,Angelos - Afro House Heroes 2024-09-27.html
Soul Free,Robert Owens & Fiona Kraft & Angelos,Angelos - Afro House Heroes 2024-09-27.html
Sensa,Lilya Mandre & Zac Martel & Tommy Kimpton,Angelos - Afro House Heroes 2024-09-27.html
Afro House Heroes 2024-09-27,Angelos,Angelos - Afro House Heroes 2024-09-27.html
Cecilia,Sofia Kourtesis,Angelos - Electronic Groove Podcast 970 2024-01-09.html
Que Pasa,SOMMA & LE YORA,Angelos - Electronic Groove Podcast 970 2024-01-09.html
Another Life (Marten Lou Remix),Naomi Sharon,Angelos - Electronic Groove Podcast 970 2024-01-09.html
Teardrops (Don't Stop The Music) (Angelos Remix),Agoria & NOEMIE & Rami Khalifé,Angelos - Electronic Groove Podcast 970 2024-01-09.html
Filippos ft. Dimp - Stray Man,Filippos,Angelos - Electronic Groove Podcast 970 2024-01-09.html
Sanctuary (Angelos Remix),Yamil,Angelos - Electronic Groove Podcast 970 2024-01-09.html
Project XI,Da Mike,Angelos - Electronic Groove Podcast 970 2024-01-09.html
Liva K & Atsou ft. Lazarusman - 100 Horses,Liva K & Atsou,Angelos - Electronic Groove Podcast 970 2024-01-09.html
Amuse,Notre Dame,Angelos - Electronic Groove Podcast 970 2024-01-09.html
Hate It Or Love It,Moojo & Bun Xapa,Angelos - Electronic Groove Podcast 970 2024-01-09.html
Afeto (Ankhoï Remix),Mayra Andrade,Angelos - Electronic Groove Podcast 970 2024-01-09.html
Ages,Angelos,Angelos - Electronic Groove Podcast 970 2024-01-09.html
Sacred Eyes,Dorian Craft,Angelos - Electronic Groove Podcast 970 2024-01-09.html
Electronic Groove Podcast 970 2024-01-09,Angelos,Angelos - Electronic Groove Podcast 970 2024-01-09.html
Electronic Groove Podcast 974 2024-02-05,Ruben Karapetyan,Angelos - Electronic Groove Podcast 970 2024-01-09.html
Electronic Groove Podcast 968 (NYE Special) 2023-12-27,Marc Romboy,Angelos - Electronic Groove Podcast 970 2024-01-09.html
Have Some Fun,Kolter,Kolter - Circoloco Radio 387 2025-03-01.html
Waistline,Kolter,Kolter - Circoloco Radio 387 2025-03-01.html
Let The Rhythm Drop,Kolter,Kolter - Circoloco Radio 387 2025-03-01.html
Kolter ft. Thalo Santana - Lost In Emulation,Kolter,Kolter - Circoloco Radio 387 2025-03-01.html
Who You Talking To?,Kolter,Kolter - Circoloco Radio 387 2025-03-01.html
Beautiful People,Kolter,Kolter - Circoloco Radio 387 2025-03-01.html
Wub Riddim,Kolter,Kolter - Circoloco Radio 387 2025-03-01.html
Faith,Kolter,Kolter - Circoloco Radio 387 2025-03-01.html
You Can't Stop Me,Kolter,Kolter - Circoloco Radio 387 2025-03-01.html
Nothing We Can't Be,Kolter,Kolter - Circoloco Radio 387 2025-03-01.html
Gangster Boogie,Kolter,Kolter - Circoloco Radio 387 2025-03-01.html
ID,Kolter,Kolter - Circoloco Radio 387 2025-03-01.html
ID,Kolter,Kolter - Circoloco Radio 387 2025-03-01.html
Keep Me On The Dancefloor (Kolter Remix),Riva Starr & Harry Stone,Kolter - Circoloco Radio 387 2025-03-01.html
Circoloco Radio 387 2025-03-01,Kolter,Kolter - Circoloco Radio 387 2025-03-01.html
Let The Rhythm Drop [SOUND SOUND],J.K. Rollin,Kolter - Circoloco Radio 387 2025-03-01.html
Plastic Jam,Kolter,Kolter - Circoloco Radio 387 2025-03-01.html
I Love My Boys,Kolter,Kolter - Circoloco Radio 387 2025-03-01.html
Circoloco Radio 389 2025-03-03,DJ Lag,Kolter - Circoloco Radio 387 2025-03-01.html
Circoloco Radio 386 2025-02-22,Annicka,Kolter - Circoloco Radio 387 2025-03-01.html
"Need U, Want U",Kolter,"Kolter @ House Calls Chicago, United States 2024-04-20.html"
Feel It (Baldo Remix),Deeper Cut,"Kolter @ House Calls Chicago, United States 2024-04-20.html"
Short dick man Edit,Kolter,"Kolter @ House Calls Chicago, United States 2024-04-20.html"
The Login,Kolter,"Kolter @ House Calls Chicago, United States 2024-04-20.html"
Good 4 U,Luuk Van Dijk & Kolter,"Kolter @ House Calls Chicago, United States 2024-04-20.html"
I Can Fix,Kolter,"Kolter @ House Calls Chicago, United States 2024-04-20.html"
A horse with no name,Kolter,"Kolter @ House Calls Chicago, United States 2024-04-20.html"
High In Chicago,Kolter,"Kolter @ House Calls Chicago, United States 2024-04-20.html"
She Wants Bass,Kolter,"Kolter @ House Calls Chicago, United States 2024-04-20.html"
Be Real,Kolter,"Kolter @ House Calls Chicago, United States 2024-04-20.html"
Step Han,Kolter,"Kolter @ House Calls Chicago, United States 2024-04-20.html"
Lick It,J.K. Rollin,"Kolter @ House Calls Chicago, United States 2024-04-20.html"
Low Rider,Hatori Hanso,"Kolter @ House Calls Chicago, United States 2024-04-20.html"
Always talking shit,Kolter,"Kolter @ House Calls Chicago, United States 2024-04-20.html"
How I Feel,DJ W!ld,"Kolter @ House Calls Chicago, United States 2024-04-20.html"
Radio Los Santos,Kolter,"Kolter @ House Calls Chicago, United States 2024-04-20.html"
Afternoon,Mr. Yt,"Kolter @ House Calls Chicago, United States 2024-04-20.html"
Waitin',Mihai Popoviciu,"Kolter @ House Calls Chicago, United States 2024-04-20.html"
Good Times,Kolter,"Kolter @ House Calls Chicago, United States 2024-04-20.html"
Electronic Funk,Franco Cinelli,"Kolter @ House Calls Chicago, United States 2024-04-20.html"
Get Sexy,DJOKO,"Kolter @ House Calls Chicago, United States 2024-04-20.html"
Last One Standing,Sidney Charles & Kolter,"Kolter @ House Calls Chicago, United States 2024-04-20.html"
Could You Be Loved (Kolter Edit),Bob Marley & The Wailers,"Kolter @ House Calls Chicago, United States 2024-04-20.html"
Hip Flop Trip,Sidney Charles & Kolter,"Kolter @ House Calls Chicago, United States 2024-04-20.html"
Motown Swagger,Kolter,"Kolter @ House Calls Chicago, United States 2024-04-20.html"
New World Order,Deejays Bobo,"Kolter @ House Calls Chicago, United States 2024-04-20.html"
