artist,title,source
LEFTI,Deep Down,sassy-b-ultravegas-29th-birthday-show-2025-02-14_html.html
Sassy B,Panamania,sassy-b-ultravegas-29th-birthday-show-2025-02-14_html.html
Prunk,Heat(Hot Since 82Remix),sassy-b-ultravegas-29th-birthday-show-2025-02-14_html.html
Black V Neck,Pump This Party,sassy-b-ultravegas-29th-birthday-show-2025-02-14_html.html
Shermanology,São Paulo,sassy-b-ultravegas-29th-birthday-show-2025-02-14_html.html
Fleur Shore,333,sassy-b-ultravegas-29th-birthday-show-2025-02-14_html.html
Mochakk,Jealous,sassy-b-ultravegas-29th-birthday-show-2025-02-14_html.html
Alex Preston,Sticky Funk,sassy-b-ultravegas-29th-birthday-show-2025-02-14_html.html
Herd & Fitzft. Abigail Bailey,I Just Can't Get Enough(DJ Simon SezRemix),sassy-b-ultravegas-29th-birthday-show-2025-02-14_html.html
Gorgon City,5 AM At Bagleys,sassy-b-ultravegas-29th-birthday-show-2025-02-14_html.html
